﻿<package>
  <name>Note worthy Theme</name>
  <description>The note worthy theme.</description>
  <type>Plugin</type>
  <folders>
    <folder>
      <location>Themes\noteWorthy</location>
      <files>
        <file>cruisecontrol.css</file>
      </files>
    </folder>
    <folder>
      <location>Themes\noteWorthy\images</location>
      <files>
        <file>arrow.gif</file>
        <file>bg.jpg</file>
        <file>header.jpg</file>
        <file>top_section.jpg</file>
        <file>bullet_black.png</file>
        <file>bullet_cross.png</file>
        <file>top_margin.jpg</file>
        <file>bullet_tick.png</file>
      </files>
    </folder>
    <folder>
      <location>Themes\noteWorthy\templates</location>
      <files>
        <file>SiteTemplate.vm</file>
        <file>TopMenu.vm</file>
      </files>
    </folder>
  </folders>
  <configuration>
    <setting>
      <path>/dashboard/plugins</path>
      <name>customTemplates</name>
      <value>themes/noteWorthy/templates</value>
    </setting>
  </configuration>
</package>